regularization,gamma,kernel,stopwords,n_grams,err,time
0.01,1e-05,linear,None,1,0.6111605053411377,3.1677473386128745
0.01,1e-05,poly,None,1,0.11630024117043297,4.116665045420329
0.01,1e-05,rbf,None,1,0.17725793485786054,4.51642632484436
0.01,1e-05,sigmoid,None,1,0.382288247255208,4.374435265858968
0.01,0.0001,linear,None,1,0.6111605053411377,3.075424909591675
0.01,0.0001,poly,None,1,0.11630024117043297,4.133443593978882
0.01,0.0001,rbf,None,1,0.28706300755814756,4.2320098876953125
0.01,0.0001,sigmoid,None,1,0.40925927899371284,4.285453240076701
0.01,0.001,linear,None,1,0.6111605053411377,3.0649372736612954
0.01,0.001,poly,None,1,0.14678782107926888,3.8598368962605796
0.01,0.001,rbf,None,1,0.27054453114432525,4.204733928044637
0.01,0.001,sigmoid,None,1,0.35829803542034755,4.267908573150635
0.01,0.01,linear,None,1,0.6111605053411377,3.0799896717071533
0.01,0.01,poly,None,1,0.22299814954088804,3.738533894220988
0.01,0.01,rbf,None,1,0.2551648853597331,4.610891024271647
0.01,0.01,sigmoid,None,1,0.4598941217099985,3.965063492457072
0.01,0.1,linear,None,1,0.6111605053411377,3.0703996817270913
0.01,0.1,poly,None,1,0.22401798740914491,3.6606292724609375
0.01,0.1,rbf,None,1,0.2551648853597331,4.228502988815308
0.01,0.1,sigmoid,None,1,0.4046546431168898,3.93843666712443
0.1,1e-05,linear,None,1,0.6170762985727074,2.947159767150879
0.1,1e-05,poly,None,1,0.11630024117043297,4.126152992248535
0.1,1e-05,rbf,None,1,0.17725793485786054,4.294563055038452
0.1,1e-05,sigmoid,None,1,0.382288247255208,4.28395144144694
0.1,0.0001,linear,None,1,0.6170762985727074,2.9466522534688315
0.1,0.0001,poly,None,1,0.2538114106697124,4.12301508585612
0.1,0.0001,rbf,None,1,0.36281160504615095,3.775401989618937
0.1,0.0001,sigmoid,None,1,0.40925927899371284,4.299268881479899
0.1,0.001,linear,None,1,0.6170762985727074,2.9383758703867593
0.1,0.001,poly,None,1,0.2090311757298681,3.6944130261739097
0.1,0.001,rbf,None,1,0.300018540731335,3.877830664316813
0.1,0.001,sigmoid,None,1,0.5343224156854486,3.1900176207224527
0.1,0.01,linear,None,1,0.6170762985727074,2.955117623011271
0.1,0.01,poly,None,1,0.22401798740914491,3.7473926544189453
0.1,0.01,rbf,None,1,0.2551648853597331,4.471156199773152
0.1,0.01,sigmoid,None,1,0.5836490763195584,2.525108257929484
0.1,0.1,linear,None,1,0.6170762985727074,2.935927708943685
0.1,0.1,poly,None,1,0.22401798740914491,3.650542656580607
0.1,0.1,rbf,None,1,0.2551648853597331,4.258935610453288
0.1,0.1,sigmoid,None,1,0.38859841959904967,2.799216349919637
0.25,1e-05,linear,None,1,0.6129240200398697,2.9766182899475098
0.25,1e-05,poly,None,1,0.11630024117043297,4.118440945943196
0.25,1e-05,rbf,None,1,0.18305524241834994,4.260893185933431
0.25,1e-05,sigmoid,None,1,0.382288247255208,4.306663274765015
0.25,0.0001,linear,None,1,0.6129240200398697,2.962973674138387
0.25,0.0001,poly,None,1,0.15234559492761146,4.114127477010091
0.25,0.0001,rbf,None,1,0.4164791455207997,3.5626187324523926
0.25,0.0001,sigmoid,None,1,0.41497159595433636,4.086238304773967
0.25,0.001,linear,None,1,0.6129240200398697,2.97098445892334
0.25,0.001,poly,None,1,0.20814894304471196,3.7211206754048667
0.25,0.001,rbf,None,1,0.31590682321819313,3.7062137126922607
0.25,0.001,sigmoid,None,1,0.6341629869747568,2.6016619205474854
0.25,0.01,linear,None,1,0.6129240200398697,2.9696083863576255
0.25,0.01,poly,None,1,0.22401798740914491,3.6677072048187256
0.25,0.01,rbf,None,1,0.25850370718588683,4.450745979944865
0.25,0.01,sigmoid,None,1,0.5656012175884854,2.146501302719116
0.25,0.1,linear,None,1,0.6129240200398697,2.9750758012135825
0.25,0.1,poly,None,1,0.22401798740914491,3.676831086476644
0.25,0.1,rbf,None,1,0.25795566795396624,4.250304381052653
0.25,0.1,sigmoid,None,1,0.379580191362011,2.5718209743499756
0.5,1e-05,linear,None,1,0.6128594224794232,2.9845136801401773
0.5,1e-05,poly,None,1,0.11630024117043297,4.1237984498341875
0.5,1e-05,rbf,None,1,0.3054821855580171,4.130079030990601
0.5,1e-05,sigmoid,None,1,0.382288247255208,4.2854305903116865
0.5,0.0001,linear,None,1,0.6128594224794232,2.9639488061269126
0.5,0.0001,poly,None,1,0.14951525593379747,4.081359624862671
0.5,0.0001,rbf,None,1,0.4474571874898772,3.413884957631429
0.5,0.0001,sigmoid,None,1,0.4795705178226603,3.69851287206014
0.5,0.001,linear,None,1,0.6128594224794232,2.966083367665609
0.5,0.001,poly,None,1,0.21129838716026025,3.7244786421457925
0.5,0.001,rbf,None,1,0.33696881976107346,3.7456498940785727
0.5,0.001,sigmoid,None,1,0.6172260395598477,2.2099974950154624
0.5,0.01,linear,None,1,0.6128594224794232,2.9707329273223877
0.5,0.01,poly,None,1,0.22401798740914491,3.740828514099121
0.5,0.01,rbf,None,1,0.25941640960879203,4.460472583770752
0.5,0.01,sigmoid,None,1,0.546286354921727,1.901411771774292
0.5,0.1,linear,None,1,0.6128594224794232,2.9647602240244546
0.5,0.1,poly,None,1,0.22401798740914491,3.6593305269877114
0.5,0.1,rbf,None,1,0.25850370718588683,4.269424200057983
0.5,0.1,sigmoid,None,1,0.3691437458427695,2.4903740882873535
0.75,1e-05,linear,None,1,0.6125858371091023,2.976841608683268
0.75,1e-05,poly,None,1,0.11630024117043297,4.117151101430257
0.75,1e-05,rbf,None,1,0.3176535840559754,4.039943218231201
0.75,1e-05,sigmoid,None,1,0.382288247255208,4.290712436040242
0.75,0.0001,linear,None,1,0.6125858371091023,2.9704652627309165
0.75,0.0001,poly,None,1,0.15404332407751345,4.060989061991374
0.75,0.0001,rbf,None,1,0.48689530650204293,3.343365748723348
0.75,0.0001,sigmoid,None,1,0.56501979961174,3.432903528213501
0.75,0.001,linear,None,1,0.6125858371091023,2.9601093928019204
0.75,0.001,poly,None,1,0.21386315470181927,3.7172934214274087
0.75,0.001,rbf,None,1,0.35643014138333684,3.9457391103108725
0.75,0.001,sigmoid,None,1,0.5982559387920098,1.996058702468872
0.75,0.01,linear,None,1,0.6125858371091023,2.958392302195231
0.75,0.01,poly,None,1,0.22401798740914491,3.6741370360056558
0.75,0.01,rbf,None,1,0.2784534353889522,4.606622139612834
0.75,0.01,sigmoid,None,1,0.5397532872949661,1.8362996578216553
0.75,0.1,linear,None,1,0.6125858371091023,2.9713688691457114
0.75,0.1,poly,None,1,0.22401798740914491,3.67652694384257
0.75,0.1,rbf,None,1,0.2596280598331056,4.288842837015788
0.75,0.1,sigmoid,None,1,0.3688226310315499,2.455554405848185
1,1e-05,linear,None,1,0.6123348079654529,2.973545948664347
1,1e-05,poly,None,1,0.11630024117043297,4.114139636357625
1,1e-05,rbf,None,1,0.3494293735855612,3.91744335492452
1,1e-05,sigmoid,None,1,0.382288247255208,4.291094144185384
1,0.0001,linear,None,1,0.6123348079654529,2.968825101852417
1,0.0001,poly,None,1,0.15437403432382665,4.070785204569499
1,0.0001,rbf,None,1,0.5204539620283528,3.3669748306274414
1,0.0001,sigmoid,None,1,0.6000771723389086,3.270582358042399
1,0.001,linear,None,1,0.6123348079654529,2.968946854273478
1,0.001,poly,None,1,0.21561855244410544,3.6829399267832437
1,0.001,rbf,None,1,0.3630221270745179,4.108290433883667
1,0.001,sigmoid,None,1,0.5949859662996987,1.866455078125
1,0.01,linear,None,1,0.6123348079654529,2.9657839139302573
1,0.01,poly,None,1,0.22401798740914491,3.6710732777913413
1,0.01,rbf,None,1,0.2891007460902751,4.938368717829387
1,0.01,sigmoid,None,1,0.5386861687956358,1.7954856554667156
1,0.1,linear,None,1,0.6123348079654529,2.9826462268829346
1,0.1,poly,None,1,0.22401798740914491,3.7038447062174478
1,0.1,rbf,None,1,0.2631410293256036,5.865770578384399
1,0.1,sigmoid,None,1,0.36622687939228116,3.5453073978424072
1.1,1e-05,linear,None,1,0.6123348079654529,4.775831937789917
1.1,1e-05,poly,None,1,0.11630024117043297,4.861019929250081
1.1,1e-05,rbf,None,1,0.3677774943117216,4.764844338099162
1.1,1e-05,sigmoid,None,1,0.382288247255208,4.345966577529907
1.1,0.0001,linear,None,1,0.6123348079654529,2.9636919498443604
1.1,0.0001,poly,None,1,0.15519929892065504,4.055548906326294
1.1,0.0001,rbf,None,1,0.5291614885612507,3.35686461130778
1.1,0.0001,sigmoid,None,1,0.6057236040628916,3.229062000910441
1.1,0.001,linear,None,1,0.6123348079654529,2.966517766316732
1.1,0.001,poly,None,1,0.21517822678791823,3.6824240684509277
1.1,0.001,rbf,None,1,0.36680990912194705,4.155863364537557
1.1,0.001,sigmoid,None,1,0.586382679520114,1.8270183404286702
1.1,0.01,linear,None,1,0.6123348079654529,2.9691556294759116
1.1,0.01,poly,None,1,0.22401798740914491,3.651397387186686
1.1,0.01,rbf,None,1,0.29228721467097807,5.073984384536743
1.1,0.01,sigmoid,None,1,0.5339126485468966,1.768847942352295
1.1,0.1,linear,None,1,0.6123348079654529,2.9647902647654214
1.1,0.1,poly,None,1,0.22401798740914491,3.6582839488983154
1.1,0.1,rbf,None,1,0.26471783042628233,4.54262359937032
1.1,0.1,sigmoid,None,1,0.36847944201654054,2.4470497767130532
1.5,1e-05,linear,None,1,0.6123348079654529,2.968184312184652
1.5,1e-05,poly,None,1,0.11630024117043297,4.116822322209676
1.5,1e-05,rbf,None,1,0.41931252961807264,3.7743298212687173
1.5,1e-05,sigmoid,None,1,0.38344913575844003,4.2407740751902265
1.5,0.0001,linear,None,1,0.6123348079654529,2.9671913782755532
1.5,0.0001,poly,None,1,0.16105825888344683,4.033458312352498
1.5,0.0001,rbf,None,1,0.559105745658992,3.5996652444203696
1.5,0.0001,sigmoid,None,1,0.6104252107040788,3.256510575612386
1.5,0.001,linear,None,1,0.6123348079654529,2.964793602625529
1.5,0.001,poly,None,1,0.21551080809295597,3.7264970938364663
1.5,0.001,rbf,None,1,0.3694773125059092,4.201529582341512
1.5,0.001,sigmoid,None,1,0.5788082870875576,1.7121174335479736
1.5,0.01,linear,None,1,0.6123348079654529,2.96274463335673
1.5,0.01,poly,None,1,0.22401798740914491,3.6600709756215415
1.5,0.01,rbf,None,1,0.29228721467097807,7.210309982299805
1.5,0.01,sigmoid,None,1,0.5333673363687202,1.9571426709493
1.5,0.1,linear,None,1,0.6123348079654529,3.199728012084961
1.5,0.1,poly,None,1,0.22401798740914491,3.822131951649984
1.5,0.1,rbf,None,1,0.26471783042628233,4.561615546544393
1.5,0.1,sigmoid,None,1,0.3669728897680527,2.559614102045695
2,1e-05,linear,None,1,0.6122893146050056,2.962207873662313
2,1e-05,poly,None,1,0.11630024117043297,4.109878222147624
2,1e-05,rbf,None,1,0.45546809251049014,3.6282482941945395
2,1e-05,sigmoid,None,1,0.3832449266051079,4.150669415791829
2,0.0001,linear,None,1,0.6122893146050056,2.9636030991872153
2,0.0001,poly,None,1,0.1692737639616256,3.9949309825897217
2,0.0001,rbf,None,1,0.561515179017377,3.5393823782602944
2,0.0001,sigmoid,None,1,0.6151197936387224,3.2249550024668374
2,0.001,linear,None,1,0.6122893146050056,2.963517904281616
2,0.001,poly,None,1,0.21730287730764664,3.678730010986328
2,0.001,rbf,None,1,0.36958919665255413,4.247624635696411
2,0.001,sigmoid,None,1,0.5661303302409803,1.625585397084554
2,0.01,linear,None,1,0.6122893146050056,2.9693482716878257
2,0.01,poly,None,1,0.22401798740914491,3.6476100285847983
2,0.01,rbf,None,1,0.29228721467097807,5.05797004699707
2,0.01,sigmoid,None,1,0.5299675059058413,1.700381596883138
2,0.1,linear,None,1,0.6122893146050056,2.960512717564901
2,0.1,poly,None,1,0.22401798740914491,3.6513856252034507
2,0.1,rbf,None,1,0.26471783042628233,4.5190549691518145
2,0.1,sigmoid,None,1,0.36773687333078103,2.4283889134724936
2.5,1e-05,linear,None,1,0.6131703236292837,2.9765963554382324
2.5,1e-05,poly,None,1,0.11630024117043297,4.110482374827067
2.5,1e-05,rbf,None,1,0.4869640636765607,3.529493570327759
2.5,1e-05,sigmoid,None,1,0.3906442716311151,4.059091885884603
2.5,0.0001,linear,None,1,0.6131703236292837,2.969453493754069
2.5,0.0001,poly,None,1,0.17681698942695945,3.9615246454874673
2.5,0.0001,rbf,None,1,0.5616401162265009,3.6881253719329834
2.5,0.0001,sigmoid,None,1,0.6132093611064997,3.404142220815023
2.5,0.001,linear,None,1,0.6131703236292837,2.996342738469442
2.5,0.001,poly,None,1,0.21847854975872805,3.813807487487793
2.5,0.001,rbf,None,1,0.3697510213054778,4.253202438354492
2.5,0.001,sigmoid,None,1,0.5627862456232612,1.5841282208760579
2.5,0.01,linear,None,1,0.6131703236292837,2.974278767903646
2.5,0.01,poly,None,1,0.22401798740914491,3.654040257136027
2.5,0.01,rbf,None,1,0.29228721467097807,5.0599314371744795
2.5,0.01,sigmoid,None,1,0.5287980450173645,1.6350936094919841
2.5,0.1,linear,None,1,0.6131703236292837,2.971881945927938
2.5,0.1,poly,None,1,0.22401798740914491,3.660149256388346
2.5,0.1,rbf,None,1,0.26471783042628233,4.522356430689494
2.5,0.1,sigmoid,None,1,0.3614040578740652,2.406083901723226
3,1e-05,linear,None,1,0.612971721090735,2.970849593480428
3,1e-05,poly,None,1,0.11630024117043297,4.111204544703166
3,1e-05,rbf,None,1,0.512808863488364,3.4540050824483237
3,1e-05,sigmoid,None,1,0.42789078422540355,3.9943946997324624
3,0.0001,linear,None,1,0.612971721090735,2.967889388402303
3,0.0001,poly,None,1,0.18243245149879983,3.985978921254476
3,0.0001,rbf,None,1,0.5619767255800014,3.771385828653971
3,0.0001,sigmoid,None,1,0.6107647179824466,3.620190143585205
3,0.001,linear,None,1,0.612971721090735,2.9713167349497476
3,0.001,poly,None,1,0.21990006132582374,3.6695733865102134
3,0.001,rbf,None,1,0.36952025911980985,4.234875361124675
3,0.001,sigmoid,None,1,0.5563985091342768,1.4971300760904949
3,0.01,linear,None,1,0.612971721090735,2.969087600708008
3,0.01,poly,None,1,0.22401798740914491,3.6491340001424155
3,0.01,rbf,None,1,0.29228721467097807,5.051284631093343
3,0.01,sigmoid,None,1,0.5239516168350891,1.605151653289795
3,0.1,linear,None,1,0.612971721090735,2.9720276991526284
3,0.1,poly,None,1,0.22401798740914491,3.6565535068511963
3,0.1,rbf,None,1,0.26471783042628233,4.548513174057007
3,0.1,sigmoid,None,1,0.3643136137576417,2.3852113087972007
0.01,1e-05,linear,None,2,0.5590592736825385,3.5273555914560952
0.01,1e-05,poly,None,2,0.2600714810691944,5.6010739008585615
0.01,1e-05,rbf,None,2,0.23266317095622116,5.747005224227905
0.01,1e-05,sigmoid,None,2,0.2686368746136427,5.775118192036946
0.01,0.0001,linear,None,2,0.5590592736825385,3.5303192933400473
0.01,0.0001,poly,None,2,0.16880791095622258,5.543732722600301
0.01,0.0001,rbf,None,2,0.2822588606274541,5.699206908543904
0.01,0.0001,sigmoid,None,2,0.2608066445830573,5.757541656494141
0.01,0.001,linear,None,2,0.5590592736825385,3.5270787874857583
0.01,0.001,poly,None,2,0.18847765655338158,5.036298036575317
0.01,0.001,rbf,None,2,0.2546543651594793,5.828050374984741
0.01,0.001,sigmoid,None,2,0.26386353150129893,5.164369424184163
0.01,0.01,linear,None,2,0.5590592736825385,3.528618017832438
0.01,0.01,poly,None,2,0.19227961569877428,4.873501380284627
0.01,0.01,rbf,None,2,0.25349011712023334,5.8435579140981035
0.01,0.01,sigmoid,None,2,0.36428296796924964,4.93781590461731
0.01,0.1,linear,None,2,0.5590592736825385,3.54229466120402
0.01,0.1,poly,None,2,0.19227961569877428,5.043956279754639
0.01,0.1,rbf,None,2,0.2551648853597331,7.391003131866455
0.01,0.1,sigmoid,None,2,0.3902114670328401,6.431679964065552
0.1,1e-05,linear,None,2,0.5590592736825385,3.5665663878122964
0.1,1e-05,poly,None,2,0.2600714810691944,5.655304034550984
0.1,1e-05,rbf,None,2,0.2914937043974992,5.397288958231608
0.1,1e-05,sigmoid,None,2,0.2686368746136427,5.769942998886108
0.1,0.0001,linear,None,2,0.5590592736825385,3.5300742785135903
0.1,0.0001,poly,None,2,0.19952452738559104,5.161159038543701
0.1,0.0001,rbf,None,2,0.30845008280657527,5.014178832372029
0.1,0.0001,sigmoid,None,2,0.2613763174584795,4.8093366622924805
0.1,0.001,linear,None,2,0.5590592736825385,3.529147466023763
0.1,0.001,poly,None,2,0.19084121196353165,4.942925930023193
0.1,0.001,rbf,None,2,0.2563294449298633,5.749909083048503
0.1,0.001,sigmoid,None,2,0.49352154540301685,4.689904689788818
0.1,0.01,linear,None,2,0.5590592736825385,4.522799650828044
0.1,0.01,poly,None,2,0.19227961569877428,5.196631749471028
0.1,0.01,rbf,None,2,0.25349011712023334,5.826056957244873
0.1,0.01,sigmoid,None,2,0.615835293513805,3.153796593348185
0.1,0.1,linear,None,2,0.5590592736825385,3.550175905227661
0.1,0.1,poly,None,2,0.19227961569877428,4.8295219739278155
0.1,0.1,rbf,None,2,0.2551648853597331,5.537169297536214
0.1,0.1,sigmoid,None,2,0.40901951537320186,3.2720754146575928
0.25,1e-05,linear,None,2,0.5590592736825385,3.53725528717041
0.25,1e-05,poly,None,2,0.2600714810691944,5.609296719233195
0.25,1e-05,rbf,None,2,0.2974033668676091,4.835118929545085
0.25,1e-05,sigmoid,None,2,0.2686368746136427,5.593746980031331
0.25,0.0001,linear,None,2,0.5590592736825385,3.5389896233876548
0.25,0.0001,poly,None,2,0.16039467967440982,5.4924460252126055
0.25,0.0001,rbf,None,2,0.3120707620587118,4.778227965037028
0.25,0.0001,sigmoid,None,2,0.29587877235407317,4.292150656382243
0.25,0.001,linear,None,2,0.5590592736825385,3.542123635609945
0.25,0.001,poly,None,2,0.19034499693013585,4.892509539922078
0.25,0.001,rbf,None,2,0.2602630356872759,5.810136000315349
0.25,0.001,sigmoid,None,2,0.6225183376854991,2.9827170372009277
0.25,0.01,linear,None,2,0.5590592736825385,3.551794687906901
0.25,0.01,poly,None,2,0.19227961569877428,4.899187008539836
0.25,0.01,rbf,None,2,0.25795566795396624,5.80643097559611
0.25,0.01,sigmoid,None,2,0.6014552682784463,2.6778975327809653
0.25,0.1,linear,None,2,0.5590592736825385,3.5291170279184976
0.25,0.1,poly,None,2,0.19227961569877428,4.830763975779216
0.25,0.1,rbf,None,2,0.25795566795396624,5.58400837580363
0.25,0.1,sigmoid,None,2,0.38406911989042597,2.945640961329142
0.5,1e-05,linear,None,2,0.5590592736825385,3.5378757317860923
0.5,1e-05,poly,None,2,0.2600714810691944,5.621582587560018
0.5,1e-05,rbf,None,2,0.3062632311083698,4.602115948994954
0.5,1e-05,sigmoid,None,2,0.2696614385925289,5.239461183547974
0.5,0.0001,linear,None,2,0.5590592736825385,3.540414253870646
0.5,0.0001,poly,None,2,0.18620328041892806,4.931915362675984
0.5,0.0001,rbf,None,2,0.3225814420556325,4.843739906946818
0.5,0.0001,sigmoid,None,2,0.47014278852906183,4.057681322097778
0.5,0.001,linear,None,2,0.5590592736825385,3.5386759440104165
0.5,0.001,poly,None,2,0.19227961569877428,4.8228786786397295
0.5,0.001,rbf,None,2,0.26042438958204334,5.736902395884196
0.5,0.001,sigmoid,None,2,0.593637420351181,2.5769829750061035
0.5,0.01,linear,None,2,0.5590592736825385,3.5332818031311035
0.5,0.01,poly,None,2,0.19227961569877428,4.883868058522542
0.5,0.01,rbf,None,2,0.2578455216739806,5.8159339427948
0.5,0.01,sigmoid,None,2,0.5892465429840842,2.362415393193563
0.5,0.1,linear,None,2,0.5590592736825385,3.5350608030954995
0.5,0.1,poly,None,2,0.19227961569877428,4.827566385269165
0.5,0.1,rbf,None,2,0.25795566795396624,5.591554085413615
0.5,0.1,sigmoid,None,2,0.3809968797471785,2.7744369506835938
0.75,1e-05,linear,None,2,0.5590592736825385,3.538201332092285
0.75,1e-05,poly,None,2,0.2600714810691944,5.629997491836548
0.75,1e-05,rbf,None,2,0.3234713222432029,4.485715230305989
0.75,1e-05,sigmoid,None,2,0.2722524091008091,5.010908444722493
0.75,0.0001,linear,None,2,0.5590592736825385,3.5544350941975913
0.75,0.0001,poly,None,2,0.19073317427305095,5.033983548482259
0.75,0.0001,rbf,None,2,0.34238189696293886,5.164820671081543
0.75,0.0001,sigmoid,None,2,0.5503926986654409,4.066315650939941
0.75,0.001,linear,None,2,0.5590592736825385,3.5456326007843018
0.75,0.001,poly,None,2,0.19227961569877428,4.826939582824707
0.75,0.001,rbf,None,2,0.2675715518947441,5.87560232480367
0.75,0.001,sigmoid,None,2,0.5838939353210165,2.4247573216756186
0.75,0.01,linear,None,2,0.5590592736825385,3.5435550212860107
0.75,0.01,poly,None,2,0.19227961569877428,4.885104656219482
0.75,0.01,rbf,None,2,0.2619743400075687,5.866631189982097
0.75,0.01,sigmoid,None,2,0.5813058130650285,2.2765122254689536
0.75,0.1,linear,None,2,0.5590592736825385,3.5424956480662027
0.75,0.1,poly,None,2,0.19227961569877428,4.829516410827637
0.75,0.1,rbf,None,2,0.25852518447335715,5.642042875289917
0.75,0.1,sigmoid,None,2,0.3781789480845496,2.7392157713572183
1,1e-05,linear,None,2,0.5590592736825385,3.5450541973114014
1,1e-05,poly,None,2,0.2600714810691944,5.621039470036824
1,1e-05,rbf,None,2,0.36001195667487434,4.3542836507161455
1,1e-05,sigmoid,None,2,0.2795298091757284,4.829994757970174
1,0.0001,linear,None,2,0.5590592736825385,3.58113694190979
1,0.0001,poly,None,2,0.19058990292394815,4.9233996868133545
1,0.0001,rbf,None,2,0.3534438420313972,5.393911361694336
1,0.0001,sigmoid,None,2,0.5718407030957445,4.1417460441589355
1,0.001,linear,None,2,0.5590592736825385,3.53967014948527
1,0.001,poly,None,2,0.19227961569877428,4.8286393483479815
1,0.001,rbf,None,2,0.2703896265676844,6.240329106648763
1,0.001,sigmoid,None,2,0.5690079243231412,2.2771875858306885
1,0.01,linear,None,2,0.5590592736825385,3.533907969792684
1,0.01,poly,None,2,0.19227961569877428,4.880776564280192
1,0.01,rbf,None,2,0.2642293672487425,6.0703723430633545
1,0.01,sigmoid,None,2,0.5773479352367663,2.2060800393422446
1,0.1,linear,None,2,0.5590592736825385,3.548462390899658
1,0.1,poly,None,2,0.19227961569877428,4.833467960357666
1,0.1,rbf,None,2,0.26024019389333647,5.7918626467386884
1,0.1,sigmoid,None,2,0.3777033550812332,2.725243012110392
1.1,1e-05,linear,None,2,0.5590592736825385,3.5595831076304116
1.1,1e-05,poly,None,2,0.2600714810691944,5.632800261179606
1.1,1e-05,rbf,None,2,0.3691738800686159,4.435644308725993
1.1,1e-05,sigmoid,None,2,0.2862780297662044,4.799905935923259
1.1,0.0001,linear,None,2,0.5590592736825385,3.5761019388834634
1.1,0.0001,poly,None,2,0.19009286382441234,4.930394331614177
1.1,0.0001,rbf,None,2,0.35775366955686844,5.638163169225057
1.1,0.0001,sigmoid,None,2,0.5708736149991412,4.040048758188884
1.1,0.001,linear,None,2,0.5590592736825385,3.5383242766062417
1.1,0.001,poly,None,2,0.19227961569877428,4.829224983851115
1.1,0.001,rbf,None,2,0.2713020539868601,6.279949029286702
1.1,0.001,sigmoid,None,2,0.5648561283936299,2.2445918718973794
1.1,0.01,linear,None,2,0.5590592736825385,3.5389370918273926
1.1,0.01,poly,None,2,0.19227961569877428,4.8885237375895185
1.1,0.01,rbf,None,2,0.2642293672487425,6.1398890018463135
1.1,0.01,sigmoid,None,2,0.5753472549426885,2.1680893103281655
1.1,0.1,linear,None,2,0.5590592736825385,3.5436204274495444
1.1,0.1,poly,None,2,0.19227961569877428,4.857862710952759
1.1,0.1,rbf,None,2,0.26000777578736184,5.94536034266154
1.1,0.1,sigmoid,None,2,0.37558138572707045,2.6982456843058267
1.5,1e-05,linear,None,2,0.5590592736825385,3.5475982824961343
1.5,1e-05,poly,None,2,0.2600714810691944,5.623768091201782
1.5,1e-05,rbf,None,2,0.4092020542262564,4.351298650105794
1.5,1e-05,sigmoid,None,2,0.3260833696561833,4.699706077575684
1.5,0.0001,linear,None,2,0.5590592736825385,3.543013095855713
1.5,0.0001,poly,None,2,0.18959410390152295,4.853795528411865
1.5,0.0001,rbf,None,2,0.3649933424291334,5.4456437428792315
1.5,0.0001,sigmoid,None,2,0.572221739000396,4.17325234413147
1.5,0.001,linear,None,2,0.5590592736825385,3.5627077420552573
1.5,0.001,poly,None,2,0.19227961569877428,4.838184038798015
1.5,0.001,rbf,None,2,0.27126109075166793,6.407412846883138
1.5,0.001,sigmoid,None,2,0.5574504415001681,2.115241289138794
1.5,0.01,linear,None,2,0.5590592736825385,3.55090069770813
1.5,0.01,poly,None,2,0.19227961569877428,5.164000749588013
1.5,0.01,rbf,None,2,0.2642293672487425,6.128477732340495
1.5,0.01,sigmoid,None,2,0.5654918180203752,2.0973636309305825
1.5,0.1,linear,None,2,0.5590592736825385,3.5413495699564614
1.5,0.1,poly,None,2,0.19227961569877428,4.898228406906128
1.5,0.1,rbf,None,2,0.26000777578736184,5.822314421335856
1.5,0.1,sigmoid,None,2,0.3783295793431381,2.6917808055877686
2,1e-05,linear,None,2,0.5590592736825385,3.544495423634847
2,1e-05,poly,None,2,0.26080849068318085,5.654532432556152
2,1e-05,rbf,None,2,0.44690886493071263,4.202694654464722
2,1e-05,sigmoid,None,2,0.3938196345540137,4.528820276260376
2,0.0001,linear,None,2,0.5590592736825385,3.548391024271647
2,0.0001,poly,None,2,0.18909030539284766,4.930059353510539
2,0.0001,rbf,None,2,0.3650344725952657,5.555427630742391
2,0.0001,sigmoid,None,2,0.5684493260747692,4.380885601043701
2,0.001,linear,None,2,0.5590592736825385,3.554722468058268
2,0.001,poly,None,2,0.19227961569877428,4.858877261479695
2,0.001,rbf,None,2,0.27126109075166793,6.391484022140503
2,0.001,sigmoid,None,2,0.5502313987600443,2.0101284186045327
2,0.01,linear,None,2,0.5590592736825385,3.56209929784139
2,0.01,poly,None,2,0.19227961569877428,4.88214898109436
2,0.01,rbf,None,2,0.2642293672487425,6.1988136768341064
2,0.01,sigmoid,None,2,0.5716544217974237,2.0452469984690347
2,0.1,linear,None,2,0.5590592736825385,3.540995995203654
2,0.1,poly,None,2,0.19227961569877428,4.851904233296712
2,0.1,rbf,None,2,0.26000777578736184,5.859026034673055
2,0.1,sigmoid,None,2,0.3703565817914809,2.6605109373728433
2.5,1e-05,linear,None,2,0.5590592736825385,3.5542612870534263
2.5,1e-05,poly,None,2,0.2619681426289554,5.6182089646657305
2.5,1e-05,rbf,None,2,0.48013361980179664,4.577562729517619
2.5,1e-05,sigmoid,None,2,0.44591512367499603,4.479106585184733
2.5,0.0001,linear,None,2,0.5590592736825385,3.5363308588663735
2.5,0.0001,poly,None,2,0.18859875423973324,4.831346352895101
2.5,0.0001,rbf,None,2,0.36442569223388926,5.571872313817342
2.5,0.0001,sigmoid,None,2,0.5708567123490402,4.641464869181315
2.5,0.001,linear,None,2,0.5590592736825385,3.536708354949951
2.5,0.001,poly,None,2,0.19227961569877428,4.834368785222371
2.5,0.001,rbf,None,2,0.27126109075166793,6.405625184377034
2.5,0.001,sigmoid,None,2,0.5337423709397582,1.9401799043019612
2.5,0.01,linear,None,2,0.5590592736825385,3.662267287572225
2.5,0.01,poly,None,2,0.19227961569877428,4.974923292795817
2.5,0.01,rbf,None,2,0.2642293672487425,6.125635385513306
2.5,0.01,sigmoid,None,2,0.5685563246378559,2.0636202494303384
2.5,0.1,linear,None,2,0.5590592736825385,3.649147113164266
2.5,0.1,poly,None,2,0.19227961569877428,5.103441874186198
2.5,0.1,rbf,None,2,0.26000777578736184,5.8299560546875
2.5,0.1,sigmoid,None,2,0.3673727754296478,2.630561351776123
3,1e-05,linear,None,2,0.5590592736825385,3.5423593521118164
3,1e-05,poly,None,2,0.2652368535858648,5.612064361572266
3,1e-05,rbf,None,2,0.5018857118193282,4.7730231285095215
3,1e-05,sigmoid,None,2,0.47710446028379816,4.457767089207967
3,0.0001,linear,None,2,0.5590592736825385,3.5360390345255532
3,0.0001,poly,None,2,0.18859875423973324,4.927764097849528
3,0.0001,rbf,None,2,0.36518137067849477,5.601162910461426
3,0.0001,sigmoid,None,2,0.5713453855798659,4.729389031728108
3,0.001,linear,None,2,0.5590592736825385,3.5458596547444663
3,0.001,poly,None,2,0.19227961569877428,4.856493711471558
3,0.001,rbf,None,2,0.27126109075166793,6.513891855875651
3,0.001,sigmoid,None,2,0.5425962618017343,1.9146556854248047
3,0.01,linear,None,2,0.5590592736825385,3.570913871129354
3,0.01,poly,None,2,0.19227961569877428,4.963609377543132
3,0.01,rbf,None,2,0.2642293672487425,6.149488766988118
3,0.01,sigmoid,None,2,0.5663585819813339,2.014620065689087
3,0.1,linear,None,2,0.5590592736825385,3.546539624532064
3,0.1,poly,None,2,0.19227961569877428,4.841734886169434
3,0.1,rbf,None,2,0.26000777578736184,5.834150393803914
3,0.1,sigmoid,None,2,0.36960388934088334,2.6233766873677573
0.01,1e-05,linear,english,1,0.599370430119894,1.903058369954427
0.01,1e-05,poly,english,1,0.10593961604405461,2.4723664919535318
0.01,1e-05,rbf,english,1,0.17921537160968115,2.6289092699686685
0.01,1e-05,sigmoid,english,1,0.3716302019764938,2.5689736207326255
0.01,0.0001,linear,english,1,0.599370430119894,1.889084021250407
0.01,0.0001,poly,english,1,0.10593961604405461,2.4691270192464194
0.01,0.0001,rbf,english,1,0.28549232430620636,2.5836822191874185
0.01,0.0001,sigmoid,english,1,0.417977513843751,2.5859203338623047
0.01,0.001,linear,english,1,0.599370430119894,1.8936112721761067
0.01,0.001,poly,english,1,0.15066642908071107,2.405991315841675
0.01,0.001,rbf,english,1,0.27584532738391615,2.5532685915629068
0.01,0.001,sigmoid,english,1,0.36138290426893027,2.5511296590169272
0.01,0.01,linear,english,1,0.599370430119894,1.8977291584014893
0.01,0.01,poly,english,1,0.22211808771062425,2.412560304005941
0.01,0.01,rbf,english,1,0.25838194985705565,2.757902224858602
0.01,0.01,sigmoid,english,1,0.4295613259778526,2.36866561571757
0.01,0.1,linear,english,1,0.599370430119894,1.8967103163401287
0.01,0.1,poly,english,1,0.22125323148634168,2.3412042458852134
0.01,0.1,rbf,english,1,0.25783034045449754,2.5841406981150308
0.01,0.1,sigmoid,english,1,0.47266350950396685,2.2980922063191733
0.1,1e-05,linear,english,1,0.5975693714520696,1.9128037293752034
0.1,1e-05,poly,english,1,0.10593961604405461,2.4680850505828857
0.1,1e-05,rbf,english,1,0.17921537160968115,2.631326675415039
0.1,1e-05,sigmoid,english,1,0.3716302019764938,2.584733724594116
0.1,0.0001,linear,english,1,0.5975693714520696,1.9007683595021565
0.1,0.0001,poly,english,1,0.2537009815863627,2.4710569381713867
0.1,0.0001,rbf,english,1,0.34671819545946153,2.2935779889424643
0.1,0.0001,sigmoid,english,1,0.417977513843751,2.59501059850057
0.1,0.001,linear,english,1,0.5975693714520696,1.9215532143910725
0.1,0.001,poly,english,1,0.20567253141176042,2.3634486198425293
0.1,0.001,rbf,english,1,0.3021444076156377,2.3686395486195884
0.1,0.001,sigmoid,english,1,0.5294063871344529,1.980261246363322
0.1,0.01,linear,english,1,0.5975693714520696,1.9061800638834636
0.1,0.01,poly,english,1,0.22125323148634168,2.3368939558664956
0.1,0.01,rbf,english,1,0.25838194985705565,2.747223695119222
0.1,0.01,sigmoid,english,1,0.6483605924359561,1.5031042098999023
0.1,0.1,linear,english,1,0.5975693714520696,1.9007859230041504
0.1,0.1,poly,english,1,0.22125323148634168,2.3446877002716064
0.1,0.1,rbf,english,1,0.25783034045449754,2.597409645716349
0.1,0.1,sigmoid,english,1,0.5049084151726998,1.445757309595744
0.25,1e-05,linear,english,1,0.5969288462582671,1.9304237365722656
0.25,1e-05,poly,english,1,0.10593961604405461,2.4686080614725747
0.25,1e-05,rbf,english,1,0.18146509307363526,2.605785926183065
0.25,1e-05,sigmoid,english,1,0.3716302019764938,2.573979616165161
0.25,0.0001,linear,english,1,0.5969288462582671,1.9304869969685872
0.25,0.0001,poly,english,1,0.15733598839433618,2.474276304244995
0.25,0.0001,rbf,english,1,0.40271198640067835,2.2132568359375
0.25,0.0001,sigmoid,english,1,0.4288927066773997,2.482903480529785
0.25,0.001,linear,english,1,0.5969288462582671,1.9276250998179119
0.25,0.001,poly,english,1,0.2143136905352874,2.3074180285135903
0.25,0.001,rbf,english,1,0.32498989568332287,2.265568653742472
0.25,0.001,sigmoid,english,1,0.6306897485728732,1.6548566818237305
0.25,0.01,linear,english,1,0.5969288462582671,1.928734302520752
0.25,0.01,poly,english,1,0.22125323148634168,2.347182353337606
0.25,0.01,rbf,english,1,0.2646064549348332,2.7957685788472495
0.25,0.01,sigmoid,english,1,0.6473531593344082,1.2728456656138103
0.25,0.1,linear,english,1,0.5969288462582671,1.9219568570454915
0.25,0.1,poly,english,1,0.22125323148634168,2.3478554089864097
0.25,0.1,rbf,english,1,0.26062172213462254,2.6033589045206704
0.25,0.1,sigmoid,english,1,0.5058014963873526,1.2292507489522297
0.5,1e-05,linear,english,1,0.5964734086585864,1.927184025446574
0.5,1e-05,poly,english,1,0.10593961604405461,2.470515489578247
0.5,1e-05,rbf,english,1,0.2921413975299183,2.5248706340789795
0.5,1e-05,sigmoid,english,1,0.3716302019764938,2.5825980504353843
0.5,0.0001,linear,english,1,0.5964734086585864,1.9319880803426106
0.5,0.0001,poly,english,1,0.14911575061572965,2.4508914152781167
0.5,0.0001,rbf,english,1,0.4282395723777026,2.1259733041127524
0.5,0.0001,sigmoid,english,1,0.4848202932886027,2.2875982920328775
0.5,0.001,linear,english,1,0.5964734086585864,1.9319306214650471
0.5,0.001,poly,english,1,0.21215945577930576,2.4450653394063315
0.5,0.001,rbf,english,1,0.3386630255340088,2.2964053948720298
0.5,0.001,sigmoid,english,1,0.6145307846088622,1.427874485651652
0.5,0.01,linear,english,1,0.5964734086585864,1.9248056411743164
0.5,0.01,poly,english,1,0.22125323148634168,2.355633099873861
0.5,0.01,rbf,english,1,0.2664919428902384,2.8644566535949707
0.5,0.01,sigmoid,english,1,0.6205900228347899,1.0855432351430256
0.5,0.1,linear,english,1,0.5964734086585864,1.9354236920674641
0.5,0.1,poly,english,1,0.22125323148634168,2.3414451281229653
0.5,0.1,rbf,english,1,0.2628679262851909,2.637299060821533
0.5,0.1,sigmoid,english,1,0.5111986601219222,1.1031595865885417
0.75,1e-05,linear,english,1,0.5957039999248531,1.8982160091400146
0.75,1e-05,poly,english,1,0.10593961604405461,2.462918678919474
0.75,1e-05,rbf,english,1,0.31774662526102054,2.4515666166941323
0.75,1e-05,sigmoid,english,1,0.3716302019764938,2.584719737370809
0.75,0.0001,linear,english,1,0.5957039999248531,1.9148056507110596
0.75,0.0001,poly,english,1,0.15381964699383094,2.438708543777466
0.75,0.0001,rbf,english,1,0.4651406335513723,2.0875422954559326
0.75,0.0001,sigmoid,english,1,0.5618136555270252,2.1539801756540933
0.75,0.001,linear,english,1,0.5957039999248531,1.9007635116577148
0.75,0.001,poly,english,1,0.2127835441743158,2.412560780843099
0.75,0.001,rbf,english,1,0.3617901003179442,2.5006562074025473
0.75,0.001,sigmoid,english,1,0.601939920202494,1.3044293721516926
0.75,0.01,linear,english,1,0.5957039999248531,1.9111086527506511
0.75,0.01,poly,english,1,0.22125323148634168,2.353439966837565
0.75,0.01,rbf,english,1,0.2878257967155691,3.0267056624094644
0.75,0.01,sigmoid,english,1,0.6196051378266044,1.0140223503112793
0.75,0.1,linear,english,1,0.5957039999248531,1.903974135716756
0.75,0.1,poly,english,1,0.22125323148634168,2.3330376942952475
0.75,0.1,rbf,english,1,0.2656694721794984,2.6446336110432944
0.75,0.1,sigmoid,english,1,0.5060823242527538,1.065050522486369
1,1e-05,linear,english,1,0.5930323855246558,1.9298418362935383
1,1e-05,poly,english,1,0.10593961604405461,2.4709750016530356
1,1e-05,rbf,english,1,0.34474324612135465,2.413556973139445
1,1e-05,sigmoid,english,1,0.3716302019764938,2.572601795196533
1,0.0001,linear,english,1,0.5930323855246558,1.926910638809204
1,0.0001,poly,english,1,0.15437763412282315,2.4462894598642984
1,0.0001,rbf,english,1,0.497489355836852,2.1339778900146484
1,0.0001,sigmoid,english,1,0.5971140621074246,2.0796342690785727
1,0.001,linear,english,1,0.5930323855246558,1.9237031936645508
1,0.001,poly,english,1,0.21347708788937178,2.3941566944122314
1,0.001,rbf,english,1,0.37201705473848307,2.6186370849609375
1,0.001,sigmoid,english,1,0.59567132139591,1.240394910176595
1,0.01,linear,english,1,0.5930323855246558,1.9258046944936116
1,0.01,poly,english,1,0.22125323148634168,2.3701170285542807
1,0.01,rbf,english,1,0.29820048189500514,3.291420300801595
1,0.01,sigmoid,english,1,0.6078262795229431,0.981213649113973
1,0.1,linear,english,1,0.5930323855246558,1.929155985514323
1,0.1,poly,english,1,0.22125323148634168,2.340517282485962
1,0.1,rbf,english,1,0.26959519537803406,2.83774733543396
1,0.1,sigmoid,english,1,0.5159610465625031,1.0160977045694988
1.1,1e-05,linear,english,1,0.5922798848244516,1.9242912133534749
1.1,1e-05,poly,english,1,0.10593961604405461,2.465810696283976
1.1,1e-05,rbf,english,1,0.35909343183829145,2.3959829807281494
1.1,1e-05,sigmoid,english,1,0.3716302019764938,2.5755797227223716
1.1,0.0001,linear,english,1,0.5922798848244516,1.9248307545979817
1.1,0.0001,poly,english,1,0.1552151452349613,2.453659454981486
1.1,0.0001,rbf,english,1,0.5123526987342384,2.1336490313212075
1.1,0.0001,sigmoid,english,1,0.6046560799700569,2.0803727308909097
1.1,0.001,linear,english,1,0.5922798848244516,1.9310108820597331
1.1,0.001,poly,english,1,0.21349008926636612,2.4362076918284097
1.1,0.001,rbf,english,1,0.3781497132262665,2.6042861143747964
1.1,0.001,sigmoid,english,1,0.592298969160465,1.2117700576782227
1.1,0.01,linear,english,1,0.5922798848244516,1.9265203475952148
1.1,0.01,poly,english,1,0.22125323148634168,2.363976319630941
1.1,0.01,rbf,english,1,0.29916081368130887,3.402252435684204
1.1,0.01,sigmoid,english,1,0.6070456061888904,0.9571386178334554
1.1,0.1,linear,english,1,0.5922798848244516,1.9276750882466633
1.1,0.1,poly,english,1,0.22125323148634168,2.3359970251719155
1.1,0.1,rbf,english,1,0.27114410071252526,2.885974327723185
1.1,0.1,sigmoid,english,1,0.4976032532365786,1.030189832051595
1.5,1e-05,linear,english,1,0.5864998318675849,1.893725315729777
1.5,1e-05,poly,english,1,0.10593961604405461,2.4605534871419272
1.5,1e-05,rbf,english,1,0.39413746649308945,2.318092664082845
1.5,1e-05,sigmoid,english,1,0.3724726728222521,2.557857036590576
1.5,0.0001,linear,english,1,0.5864998318675849,1.9018055597941081
1.5,0.0001,poly,english,1,0.15891094173640358,2.4385512669881186
1.5,0.0001,rbf,english,1,0.548240631548676,2.2934897740681968
1.5,0.0001,sigmoid,english,1,0.6157019960274598,1.9704471429189045
1.5,0.001,linear,english,1,0.5864998318675849,1.8903034528096516
1.5,0.001,poly,english,1,0.21452184456161735,2.3366127808888755
1.5,0.001,rbf,english,1,0.38445638219569717,2.65775465965271
1.5,0.001,sigmoid,english,1,0.576562079096869,1.1476860841115315
1.5,0.01,linear,english,1,0.5864998318675849,1.8862022558848064
1.5,0.01,poly,english,1,0.22125323148634168,2.358381191889445
1.5,0.01,rbf,english,1,0.29916081368130887,3.412662903467814
1.5,0.01,sigmoid,english,1,0.6119462292766992,0.9130775928497314
1.5,0.1,linear,english,1,0.5864998318675849,1.8908572991689045
1.5,0.1,poly,english,1,0.22125323148634168,2.3322486877441406
1.5,0.1,rbf,english,1,0.27114410071252526,2.8820432821909585
1.5,0.1,sigmoid,english,1,0.4980808129611713,1.0201751391092937
2,1e-05,linear,english,1,0.5840500054241723,2.3022360801696777
2,1e-05,poly,english,1,0.10593961604405461,2.4803570906321206
2,1e-05,rbf,english,1,0.4359782282544326,2.263495365778605
2,1e-05,sigmoid,english,1,0.37398090727734923,2.522875706354777
2,0.0001,linear,english,1,0.5840500054241723,2.2950973510742188
2,0.0001,poly,english,1,0.16527254131012134,2.43245800336202
2,0.0001,rbf,english,1,0.5598228684661901,2.323807954788208
2,0.0001,sigmoid,english,1,0.6236035871781381,2.12316099802653
2,0.001,linear,english,1,0.5840500054241723,2.301284074783325
2,0.001,poly,english,1,0.21526139397533192,2.330672343571981
2,0.001,rbf,english,1,0.3825879512294847,2.61283802986145
2,0.001,sigmoid,english,1,0.5647219265053066,1.0932777722676594
2,0.01,linear,english,1,0.5840500054241723,2.294060389200846
2,0.01,poly,english,1,0.22125323148634168,2.3605515162150064
2,0.01,rbf,english,1,0.29916081368130887,3.4103471438090005
2,0.01,sigmoid,english,1,0.5966134546663212,0.8981583118438721
2,0.1,linear,english,1,0.5840500054241723,2.2982747554779053
2,0.1,poly,english,1,0.22125323148634168,2.343562126159668
2,0.1,rbf,english,1,0.27114410071252526,2.872102419535319
2,0.1,sigmoid,english,1,0.4950081246915265,1.0226251284281414
2.5,1e-05,linear,english,1,0.5821026342579377,2.0190021991729736
2.5,1e-05,poly,english,1,0.10593961604405461,2.461200396219889
2.5,1e-05,rbf,english,1,0.45405085967047504,2.2024463017781577
2.5,1e-05,sigmoid,english,1,0.38664605562964316,2.4873828887939453
2.5,0.0001,linear,english,1,0.5821026342579377,2.0260279973347983
2.5,0.0001,poly,english,1,0.17082816617507038,2.419849077860514
2.5,0.0001,rbf,english,1,0.5635070557602705,2.3830841382344565
2.5,0.0001,sigmoid,english,1,0.6208992501193459,2.225614070892334
2.5,0.001,linear,english,1,0.5821026342579377,2.0228126843770347
2.5,0.001,poly,english,1,0.2167968635614337,2.477071205774943
2.5,0.001,rbf,english,1,0.3822180325654285,2.6382922331492105
2.5,0.001,sigmoid,english,1,0.5610825139860892,1.0487173398335774
2.5,0.01,linear,english,1,0.5821026342579377,2.020799239476522
2.5,0.01,poly,english,1,0.22125323148634168,2.372279405593872
2.5,0.01,rbf,english,1,0.29916081368130887,3.4195524056752524
2.5,0.01,sigmoid,english,1,0.5890179882018817,0.8668229579925537
2.5,0.1,linear,english,1,0.5821026342579377,2.023665984471639
2.5,0.1,poly,english,1,0.22125323148634168,2.3426549434661865
2.5,0.1,rbf,english,1,0.27114410071252526,2.8861653804779053
2.5,0.1,sigmoid,english,1,0.4947801395810651,0.999651034673055
3,1e-05,linear,english,1,0.5799123645525545,2.0266135533650718
3,1e-05,poly,english,1,0.10593961604405461,2.462684949239095
3,1e-05,rbf,english,1,0.4770078684299379,2.1590487162272134
3,1e-05,sigmoid,english,1,0.42523588420947833,2.448319991429647
3,0.0001,linear,english,1,0.5799123645525545,2.029839356740316
3,0.0001,poly,english,1,0.1794124655139565,2.417203664779663
3,0.0001,rbf,english,1,0.5648814150436495,2.4623493353525796
3,0.0001,sigmoid,english,1,0.618827518167849,2.2742746671040854
3,0.001,linear,english,1,0.5799123645525545,2.0258070627848306
3,0.001,poly,english,1,0.218091261484215,2.496981382369995
3,0.001,rbf,english,1,0.3816583707592652,2.622606118520101
3,0.001,sigmoid,english,1,0.5581710721611097,1.0115066369374592
3,0.01,linear,english,1,0.5799123645525545,2.0206499099731445
3,0.01,poly,english,1,0.22125323148634168,2.359568993250529
3,0.01,rbf,english,1,0.29916081368130887,3.4151297410329184
3,0.01,sigmoid,english,1,0.5996189839690059,0.8565336068471273
3,0.1,linear,english,1,0.5799123645525545,2.020374059677124
3,0.1,poly,english,1,0.22125323148634168,2.335090080897013
3,0.1,rbf,english,1,0.27114410071252526,2.8709062735239663
3,0.1,sigmoid,english,1,0.4808876434131086,1.0023667017618816
0.01,1e-05,linear,english,2,0.48728356182020477,2.531191031138102
0.01,1e-05,poly,english,2,0.21069895915400327,3.265244960784912
0.01,1e-05,rbf,english,2,0.1615854072143432,3.4243136246999106
0.01,1e-05,sigmoid,english,2,0.27267387794275627,3.3380247751871743
0.01,0.0001,linear,english,2,0.48728356182020477,2.5467753410339355
0.01,0.0001,poly,english,2,0.2774017338574974,3.2561240196228027
0.01,0.0001,rbf,english,2,0.3103088468437755,3.3402469952901206
0.01,0.0001,sigmoid,english,2,0.3218359111594733,3.3630496660868325
0.01,0.001,linear,english,2,0.48728356182020477,2.5440866947174072
0.01,0.001,poly,english,2,0.1894923715351453,2.9873342514038086
0.01,0.001,rbf,english,2,0.25792716621555584,3.336955706278483
0.01,0.001,sigmoid,english,2,0.3014054595863815,3.1850613753000894
0.01,0.01,linear,english,2,0.48728356182020477,2.528854767481486
0.01,0.01,poly,english,2,0.19480679781326046,2.443446397781372
0.01,0.01,rbf,english,2,0.25671837471760045,3.427042245864868
0.01,0.01,sigmoid,english,2,0.4179037488930301,2.9664554595947266
0.01,0.1,linear,english,2,0.48728356182020477,2.530040740966797
0.01,0.1,poly,english,2,0.19480679781326046,2.4454216957092285
0.01,0.1,rbf,english,2,0.2589554135197815,3.222539027531942
0.01,0.1,sigmoid,english,2,0.4724759600665012,2.91096297899882
0.1,1e-05,linear,english,2,0.481998857869717,2.439096371332804
0.1,1e-05,poly,english,2,0.21069895915400327,3.263252019882202
0.1,1e-05,rbf,english,2,0.2536064764082927,3.232922315597534
0.1,1e-05,sigmoid,english,2,0.27267387794275627,3.3473087151845298
0.1,0.0001,linear,english,2,0.481998857869717,2.433932145436605
0.1,0.0001,poly,english,2,0.14327044079732443,3.20733634630839
0.1,0.0001,rbf,english,2,0.3281384634879902,2.961867332458496
0.1,0.0001,sigmoid,english,2,0.322970949315489,3.0734481811523438
0.1,0.001,linear,english,2,0.481998857869717,2.448359966278076
0.1,0.001,poly,english,2,0.19092667683931716,2.952324549357096
0.1,0.001,rbf,english,2,0.26110937624171,3.2791605790456138
0.1,0.001,sigmoid,english,2,0.5106981006606748,2.2413570880889893
0.1,0.01,linear,english,2,0.481998857869717,2.4402502377827964
0.1,0.01,poly,english,2,0.19480679781326046,2.4476170539855957
0.1,0.01,rbf,english,2,0.25671837471760045,3.421526034673055
0.1,0.01,sigmoid,english,2,0.6375961401644583,1.8630104859670003
0.1,0.1,linear,english,2,0.481998857869717,2.4323315620422363
0.1,0.1,poly,english,2,0.19480679781326046,2.440218210220337
0.1,0.1,rbf,english,2,0.2589554135197815,3.2171640396118164
0.1,0.1,sigmoid,english,2,0.5676937534855148,1.7704633076985676
0.25,1e-05,linear,english,2,0.481998857869717,2.43428111076355
0.25,1e-05,poly,english,2,0.21069895915400327,3.277414004007975
0.25,1e-05,rbf,english,2,0.2829581949698863,3.0233649412790933
0.25,1e-05,sigmoid,english,2,0.27267387794275627,3.336169719696045
0.25,0.0001,linear,english,2,0.481998857869717,2.4352970123291016
0.25,0.0001,poly,english,2,0.14010830545708317,3.1445950667063394
0.25,0.0001,rbf,english,2,0.3357907162403953,2.8772031466166177
0.25,0.0001,sigmoid,english,2,0.33594147454226414,2.796152909596761
0.25,0.001,linear,english,2,0.481998857869717,2.4373130798339844
0.25,0.001,poly,english,2,0.19082478442699494,2.8281897703806558
0.25,0.001,rbf,english,2,0.26927057446205427,3.213411490122477
0.25,0.001,sigmoid,english,2,0.646564687227661,1.9738192558288574
0.25,0.01,linear,english,2,0.481998857869717,2.4317482312520347
0.25,0.01,poly,english,2,0.19480679781326046,2.4484256903330484
0.25,0.01,rbf,english,2,0.2611851452943986,3.4559082984924316
0.25,0.01,sigmoid,english,2,0.6433165133773666,1.560708999633789
0.25,0.1,linear,english,2,0.481998857869717,2.432544549306234
0.25,0.1,poly,english,2,0.19480679781326046,2.443708340326945
0.25,0.1,rbf,english,2,0.2617470553013314,3.230984687805176
0.25,0.1,sigmoid,english,2,0.539240396451229,1.4716294606526692
0.5,1e-05,linear,english,2,0.481998857869717,2.4318118890126548
0.5,1e-05,poly,english,2,0.21069895915400327,3.2649643421173096
0.5,1e-05,rbf,english,2,0.28895945748913515,2.8983586629231772
0.5,1e-05,sigmoid,english,2,0.27267387794275627,3.244180679321289
0.5,0.0001,linear,english,2,0.481998857869717,2.4365760485331216
0.5,0.0001,poly,english,2,0.12720195932291972,3.1679536501566568
0.5,0.0001,rbf,english,2,0.3453336218920977,2.878836154937744
0.5,0.0001,sigmoid,english,2,0.47678733815107815,2.6276243527730307
0.5,0.001,linear,english,2,0.481998857869717,2.432008663813273
0.5,0.001,poly,english,2,0.1913172780555884,2.709262212117513
0.5,0.001,rbf,english,2,0.278259613335233,3.2257882754007974
0.5,0.001,sigmoid,english,2,0.6235808377051651,1.7288806438446045
0.5,0.01,linear,english,2,0.481998857869717,2.4331554571787515
0.5,0.01,poly,english,2,0.19480679781326046,2.458087126413981
0.5,0.01,rbf,english,2,0.2617470553013314,3.4509783585866294
0.5,0.01,sigmoid,english,2,0.6322129989903673,1.3607906500498455
0.5,0.1,linear,english,2,0.481998857869717,2.4322640895843506
0.5,0.1,poly,english,2,0.19480679781326046,2.438766082127889
0.5,0.1,rbf,english,2,0.2617470553013314,3.2567646503448486
0.5,0.1,sigmoid,english,2,0.518734651689818,1.3556073506673176
0.75,1e-05,linear,english,2,0.481998857869717,2.432420253753662
0.75,1e-05,poly,english,2,0.21069895915400327,3.275543530782064
0.75,1e-05,rbf,english,2,0.3041011823286958,2.836918274561564
0.75,1e-05,sigmoid,english,2,0.2752997860239243,3.157649358113607
0.75,0.0001,linear,english,2,0.481998857869717,2.4520792961120605
0.75,0.0001,poly,english,2,0.13698950262164636,3.1293650468190513
0.75,0.0001,rbf,english,2,0.36428127114716813,3.070425113042196
0.75,0.0001,sigmoid,english,2,0.5618686795423533,2.564610719680786
0.75,0.001,linear,english,2,0.481998857869717,2.436813990275065
0.75,0.001,poly,english,2,0.1913172780555884,2.609916925430298
0.75,0.001,rbf,english,2,0.2869614708686902,3.358870347340902
0.75,0.001,sigmoid,english,2,0.6117062674537528,1.6052873929341633
0.75,0.01,linear,english,2,0.481998857869717,2.437396685282389
0.75,0.01,poly,english,2,0.19480679781326046,2.446553389231364
0.75,0.01,rbf,english,2,0.2672472989262625,3.470747232437134
0.75,0.01,sigmoid,english,2,0.6208944595392653,1.266832669576009
0.75,0.1,linear,english,2,0.481998857869717,2.4303104082743325
0.75,0.1,poly,english,2,0.19480679781326046,2.442999283472697
0.75,0.1,rbf,english,2,0.26287721380973356,3.2976563771565757
0.75,0.1,sigmoid,english,2,0.5051738367044952,1.2996631463368733
1,1e-05,linear,english,2,0.481998857869717,2.431116819381714
1,1e-05,poly,english,2,0.21069895915400327,3.268440326054891
1,1e-05,rbf,english,2,0.31816914915529676,2.7864198684692383
1,1e-05,sigmoid,english,2,0.2769711807881459,3.084784666697184
1,0.0001,linear,english,2,0.481998857869717,2.4289414087931314
1,0.0001,poly,english,2,0.168947753623098,3.1308492024739585
1,0.0001,rbf,english,2,0.37776830470378236,3.251312335332235
1,0.0001,sigmoid,english,2,0.5904605840238627,2.5516160329182944
1,0.001,linear,english,2,0.481998857869717,2.4314966996510825
1,0.001,poly,english,2,0.1917933001942124,2.5896740754445395
1,0.001,rbf,english,2,0.2902079462919882,3.5115676720937095
1,0.001,sigmoid,english,2,0.6023684651715028,1.53026549021403
1,0.01,linear,english,2,0.481998857869717,2.4370543162027993
1,0.01,poly,english,2,0.19480679781326046,2.4439863363901773
1,0.01,rbf,english,2,0.27190543223149427,3.7013203303019204
1,0.01,sigmoid,english,2,0.6095647077430061,1.205976406733195
1,0.1,linear,english,2,0.481998857869717,2.4408865769704184
1,0.1,poly,english,2,0.19480679781326046,2.449935038884481
1,0.1,rbf,english,2,0.2656570438140413,3.4365049997965493
1,0.1,sigmoid,english,2,0.49927922782451883,1.2703749338785808
1.1,1e-05,linear,english,2,0.481998857869717,2.436779737472534
1.1,1e-05,poly,english,2,0.21069895915400327,3.2739006678263345
1.1,1e-05,rbf,english,2,0.3228727078216347,2.7714147567749023
1.1,1e-05,sigmoid,english,2,0.2801382202973546,3.0545613765716553
1.1,0.0001,linear,english,2,0.481998857869717,2.431426684061686
1.1,0.0001,poly,english,2,0.17706201675262803,3.1187820434570312
1.1,0.0001,rbf,english,2,0.38323116459779033,3.2840498288472495
1.1,0.0001,sigmoid,english,2,0.5951007165824035,2.5293257236480713
1.1,0.001,linear,english,2,0.481998857869717,2.434108018875122
1.1,0.001,poly,english,2,0.1927728493581291,2.5442440509796143
1.1,0.001,rbf,english,2,0.29653477726753436,3.558225631713867
1.1,0.001,sigmoid,english,2,0.5925127806165557,1.5008633931477864
1.1,0.01,linear,english,2,0.481998857869717,2.442596753438314
1.1,0.01,poly,english,2,0.19480679781326046,2.449592351913452
1.1,0.01,rbf,english,2,0.27190543223149427,3.769970734914144
1.1,0.01,sigmoid,english,2,0.6173277086380358,1.1861778895060222
1.1,0.1,linear,english,2,0.481998857869717,2.4366366068522134
1.1,0.1,poly,english,2,0.19480679781326046,2.452329238255819
1.1,0.1,rbf,english,2,0.2656570438140413,3.4974258740743003
1.1,0.1,sigmoid,english,2,0.5065084799964675,1.2641305923461914
1.5,1e-05,linear,english,2,0.481998857869717,2.4359823067982993
1.5,1e-05,poly,english,2,0.21069895915400327,3.2766266663869223
1.5,1e-05,rbf,english,2,0.3453116609370257,2.752532720565796
1.5,1e-05,sigmoid,english,2,0.32477521742910537,2.9746033350626626
1.5,0.0001,linear,english,2,0.481998857869717,2.437465031941732
1.5,0.0001,poly,english,2,0.22630187071291727,3.107142925262451
1.5,0.0001,rbf,english,2,0.39693558361856596,3.330155611038208
1.5,0.0001,sigmoid,english,2,0.5974193867727423,2.680819511413574
1.5,0.001,linear,english,2,0.481998857869717,2.450446049372355
1.5,0.001,poly,english,2,0.19420221758720432,2.5197486877441406
1.5,0.001,rbf,english,2,0.29809768380493396,3.605411926905314
1.5,0.001,sigmoid,english,2,0.5907957235987747,1.4174314339955647
1.5,0.01,linear,english,2,0.481998857869717,2.4251341819763184
1.5,0.01,poly,english,2,0.19480679781326046,2.4490219751993814
1.5,0.01,rbf,english,2,0.27190543223149427,3.7699440320332847
1.5,0.01,sigmoid,english,2,0.6158386043554113,1.1487369537353516
1.5,0.1,linear,english,2,0.481998857869717,2.4387495517730713
1.5,0.1,poly,english,2,0.19480679781326046,2.443161646525065
1.5,0.1,rbf,english,2,0.2656570438140413,3.5011630058288574
1.5,0.1,sigmoid,english,2,0.4974075430162568,1.2514029343922932
2,1e-05,linear,english,2,0.481998857869717,2.4457252820332847
2,1e-05,poly,english,2,0.21069895915400327,3.2707300980885825
2,1e-05,rbf,english,2,0.37198856124209695,2.7906506856282554
2,1e-05,sigmoid,english,2,0.3988977794020257,2.928987979888916
2,0.0001,linear,english,2,0.481998857869717,2.4357919692993164
2,0.0001,poly,english,2,0.20337406485165546,3.051373243331909
2,0.0001,rbf,english,2,0.4013301739031287,3.277475674947103
2,0.0001,sigmoid,english,2,0.5949779979115636,2.709937810897827
2,0.001,linear,english,2,0.481998857869717,2.436141014099121
2,0.001,poly,english,2,0.19468958159625727,2.464407126108805
2,0.001,rbf,english,2,0.29741384667932563,3.6113250255584717
2,0.001,sigmoid,english,2,0.5723106049036004,1.340734561284383
2,0.01,linear,english,2,0.481998857869717,2.4429136912027993
2,0.01,poly,english,2,0.19480679781326046,2.4513959884643555
2,0.01,rbf,english,2,0.27190543223149427,3.771122932434082
2,0.01,sigmoid,english,2,0.6137229953339515,1.1352345943450928
2,0.1,linear,english,2,0.481998857869717,2.4352457523345947
2,0.1,poly,english,2,0.19480679781326046,2.445158322652181
2,0.1,rbf,english,2,0.2656570438140413,3.490064859390259
2,0.1,sigmoid,english,2,0.49641125218077614,1.2278913656870525
2.5,1e-05,linear,english,2,0.481998857869717,2.434831221898397
2.5,1e-05,poly,english,2,0.21069895915400327,3.2635470231374106
2.5,1e-05,rbf,english,2,0.3985389103965094,2.718425989151001
2.5,1e-05,sigmoid,english,2,0.4620869645691161,2.8133140405019126
2.5,0.0001,linear,english,2,0.481998857869717,2.43007755279541
2.5,0.0001,poly,english,2,0.1982983213811538,3.011763254801432
2.5,0.0001,rbf,english,2,0.40304368036669164,3.2828644116719565
2.5,0.0001,sigmoid,english,2,0.5963863021503053,2.7254676024119058
2.5,0.001,linear,english,2,0.481998857869717,2.4362974961598716
2.5,0.001,poly,english,2,0.19468958159625727,2.466875950495402
2.5,0.001,rbf,english,2,0.2977886875954138,3.6050419012705484
2.5,0.001,sigmoid,english,2,0.5690939956452841,1.2891512711842854
2.5,0.01,linear,english,2,0.481998857869717,2.433954954147339
2.5,0.01,poly,english,2,0.19480679781326046,2.4521764119466147
2.5,0.01,rbf,english,2,0.27190543223149427,3.7694719632466636
2.5,0.01,sigmoid,english,2,0.611530342348182,1.0997661749521892
2.5,0.1,linear,english,2,0.481998857869717,2.4425026575724282
2.5,0.1,poly,english,2,0.19480679781326046,2.446417729059855
2.5,0.1,rbf,english,2,0.2656570438140413,3.5019258658091226
2.5,0.1,sigmoid,english,2,0.49713528834919546,1.2182847658793132
3,1e-05,linear,english,2,0.481998857869717,2.4311397075653076
3,1e-05,poly,english,2,0.21184070790289353,3.2692633469899497
3,1e-05,rbf,english,2,0.4258430674662121,2.8286964098612466
3,1e-05,sigmoid,english,2,0.49230615180722154,2.8563218116760254
3,0.0001,linear,english,2,0.481998857869717,2.4642507235209146
3,0.0001,poly,english,2,0.19648789390497115,3.012355009714762
3,0.0001,rbf,english,2,0.4027794772617619,3.3456944624582925
3,0.0001,sigmoid,english,2,0.5968881847418043,2.875562906265259
3,0.001,linear,english,2,0.481998857869717,2.4369232654571533
3,0.001,poly,english,2,0.19468958159625727,2.461271365483602
3,0.001,rbf,english,2,0.2979434395666202,3.6376790205637612
3,0.001,sigmoid,english,2,0.5710622145906574,1.2484347820281982
3,0.01,linear,english,2,0.481998857869717,2.428842306137085
3,0.01,poly,english,2,0.19480679781326046,2.4467822710673013
3,0.01,rbf,english,2,0.27190543223149427,3.7774391969045005
3,0.01,sigmoid,english,2,0.6094097228518301,1.059213638305664
3,0.1,linear,english,2,0.481998857869717,2.444091240564982
3,0.1,poly,english,2,0.19480679781326046,2.4800726572672525
3,0.1,rbf,english,2,0.2656570438140413,3.547311305999756
3,0.1,sigmoid,english,2,0.4921200768079897,1.2155815760294597
